method,ece_mean,ece_std,runs
E1,0.07932919047619047,0.0,3
E12b,0.14126847619047622,0.0006791288737867496,3
