method,n,duration_sec,sec_per_sample,baseline_acc,corrected_acc,delta_pp,flip_to_correct_rate,delta_pp_per_sec_per_sample
E1_n2000,2000,15629.173721,7.8145868604999995,0.6355,0.7975,16.200000000000003,0.212,2.0730462517328117
E12b_n2000,2000,15979.535833,7.9897679165,0.629,0.6635,3.4499999999999975,0.079,0.4318022796225733
