question_type,n,baseline_acc,corrected_acc,delta_pp,flip_to_correct_rate
logical,57,0.7017543859649122,0.7719298245614035,7.017543859649122,0.08771929824561403
other,202,0.599009900990099,0.6336633663366337,3.4653465346534684,0.08415841584158416
query,887,0.46110484780157834,0.5231116121758738,6.200676437429542,0.10033821871476889
verify,854,0.8056206088992974,0.8091334894613583,0.3512880562060894,0.05503512880562061
