question_type,n,baseline_acc,corrected_acc,delta_pp,flip_to_correct_rate
logical,57,0.7543859649122807,0.8421052631578947,8.771929824561397,0.12280701754385964
other,202,0.6138613861386139,0.8168316831683168,20.297029702970292,0.24257425742574257
query,887,0.4701240135287486,0.7294250281848929,25.930101465614424,0.2976324689966178
verify,854,0.8044496487119438,0.860655737704918,5.6206088992974195,0.12177985948477751
